"","zip","adult_n","obese_n","non_obese_n","obese_p","households","income","rural_n","urban_n","ru"
"1",53001,1353,236,1117,17.4427198817443,788,72206,1901,0,"rural"
"2",53002,2029,412,1617,20.305569245934,869,85478,2299,0,"rural"
"3",53004,2408,254,2154,10.5481727574751,1217,77989,3330,0,"rural"
"4",53005,15189,1549,13640,10.1981697280927,7556,97202,0,19425,"urban"
"5",53006,458,28,430,6.11353711790393,670,74107,1779,0,"rural"
"6",53007,1437,228,1209,15.866388308977,895,41925,0,1841,"urban"
"7",53010,5961,1057,4904,17.7319241737963,2994,63509,7681,0,"rural"
"8",53011,1510,229,1281,15.1655629139073,932,72500,2260,0,"rural"
"9",53012,14222,1667,12555,11.7212768949515,7351,88844,5030,13067,"urban"
"10",53013,2457,258,2199,10.5006105006105,1301,68938,3308,0,"rural"
"11",53014,4757,348,4409,7.31553500105108,3327,61834,4372,3590,"rural"
"12",53015,1806,207,1599,11.4617940199336,1025,67740,2609,0,"rural"
"13",53017,4569,742,3827,16.2398774348873,2123,106577,2619,2919,"urban"
"14",53018,4357,196,4161,4.49850814780813,3105,97482,1751,6148,"urban"
"15",53019,1192,77,1115,6.45973154362416,764,61053,1135,892,"rural"
"16",53020,2930,409,2521,13.9590443686007,1654,63167,3500,0,"rural"
"17",53021,3747,470,3277,12.5433680277555,1959,82750,4709,0,"rural"
"18",53022,14367,3105,11262,21.6120275631656,7657,79230,1870,17050,"urban"
"19",53023,566,84,482,14.8409893992933,527,68750,1496,0,"rural"
"20",53024,13125,1414,11711,10.7733333333333,6821,75592,3076,13503,"urban"
"21",53027,16978,2452,14526,14.4422193426788,8987,68701,7375,14666,"urban"
"22",53029,15320,859,14461,5.60704960835509,7738,91435,2004,18795,"urban"
"23",53032,3495,733,2762,20.9728183118741,1834,62800,1264,3493,"urban"
"24",53033,3838,669,3169,17.430953621678,2115,92620,1747,3138,"urban"
"25",53034,1169,158,1011,13.5158254918734,686,62708,1811,0,"rural"
"26",53035,1543,232,1311,15.0356448476993,915,64414,2406,0,"rural"
"27",53036,208,17,191,8.17307692307692,1134,75179,1770,950,"rural"
"28",53037,7101,1748,5353,24.6162512322208,3703,74327,1821,7439,"urban"
"29",53038,3026,274,2752,9.05485789821546,1590,75000,1312,2701,"urban"
"30",53039,3655,592,3063,16.1969904240766,1628,57800,2127,2736,"urban"
"31",53040,6139,1800,4339,29.3207362762665,2980,70938,4057,4007,"rural"
"32",53042,5356,523,4833,9.7647498132935,2877,58583,2949,3741,"urban"
"33",53044,1491,184,1307,12.3407109322602,957,79063,150,2147,"urban"
"34",53045,16603,1375,15228,8.28163584894296,8482,100438,171,21515,"urban"
"35",53046,774,183,591,23.6434108527132,487,56771,183,924,"urban"
"36",53048,1679,179,1500,10.6611078022633,1389,51725,3364,0,"rural"
"37",53049,279,21,258,7.52688172043011,1069,83191,2146,305,"rural"
"38",53050,5326,617,4709,11.5846789335336,2827,54806,1852,5134,"urban"
"39",53051,28058,5120,22938,18.2479150331456,15011,76944,2192,33459,"urban"
"40",53058,1253,71,1182,5.66640063846768,1482,92792,564,2679,"urban"
"41",53059,1015,98,917,9.6551724137931,750,69886,1767,0,"rural"
"42",53061,3515,257,3258,7.31152204836415,2170,54509,2025,3171,"urban"
"43",53063,674,47,627,6.97329376854599,642,67333,1552,0,"rural"
"44",53066,12433,534,11899,4.29502131424435,13372,86343,8654,25176,"urban"
"45",53070,3709,574,3135,15.4758695066056,1891,62956,1989,2724,"urban"
"46",53072,19288,1206,18082,6.25259228535877,10617,82032,683,23224,"urban"
"47",53073,11473,1495,9978,13.0305935675063,6089,60744,6958,8799,"urban"
"48",53074,10137,822,9315,8.10890796093519,5408,64446,1461,11419,"urban"
"49",53075,2386,291,2095,12.1961441743504,1332,68304,3345,0,"rural"
"50",53076,2576,526,2050,20.4192546583851,1232,103000,2972,676,"rural"
"51",53078,1265,151,1114,11.9367588932806,711,69934,1912,0,"rural"
"52",53079,533,48,485,9.00562851782364,597,71797,1413,0,"rural"
"53",53080,4402,520,3882,11.8128123580191,2330,59545,1564,4151,"urban"
"54",53081,33063,4746,28317,14.3544142999728,18180,44181,545,42584,"urban"
"55",53083,15132,2195,12937,14.5056833201163,8111,67704,1521,18841,"urban"
"56",53085,8602,1412,7190,16.414787258777,5004,55579,3526,7741,"urban"
"57",53086,6229,1142,5087,18.3336008990207,3332,78796,2397,5858,"urban"
"58",53089,13914,2010,11904,14.4458818456231,7333,87106,1799,16769,"urban"
"59",53090,16751,4109,12642,24.5298788132052,8798,66385,6094,15779,"urban"
"60",53091,1586,263,1323,16.5825977301387,804,62333,2018,0,"rural"
"61",53092,16795,1580,15215,9.4075617743376,8661,96627,557,19467,"urban"
"62",53093,1302,167,1135,12.826420890937,768,80938,1981,0,"rural"
"63",53094,7186,589,6597,8.19649318118564,7562,49514,4099,15070,"urban"
"64",53095,21275,5582,15693,26.2373678025852,11728,63157,6444,20695,"urban"
"65",53097,4176,398,3778,9.53065134099617,1990,107667,3121,3198,"urban"
"66",53098,4766,356,4410,7.46957616449853,4634,54760,3687,8278,"urban"
"67",53103,1614,96,1518,5.94795539033457,1503,86809,1359,2365,"urban"
"68",53105,10903,494,10409,4.53086306521141,11381,66699,12937,16288,"urban"
"69",53108,1182,76,1106,6.42978003384095,1291,68673,2896,433,"rural"
"70",53110,12184,762,11422,6.25410374261326,7572,49882,0,18320,"urban"
"71",53114,2193,425,1768,19.3798449612403,980,63190,1126,1552,"urban"
"72",53115,12116,2263,9853,18.6777814460218,6318,53868,5141,10647,"urban"
"73",53118,2872,128,2744,4.45682451253482,2863,79577,4144,3058,"rural"
"74",53119,1195,88,1107,7.36401673640167,2040,87553,2818,2790,"rural"
"75",53120,5448,273,5175,5.01101321585903,3926,66815,4200,5479,"urban"
"76",53121,14587,1866,12721,12.7922122437787,7407,65065,6561,12484,"urban"
"77",53122,4537,491,4046,10.822129160238,2307,113750,0,5985,"urban"
"78",53125,1209,189,1020,15.6327543424318,852,78971,554,1341,"urban"
"79",53126,1845,101,1744,5.47425474254743,2701,77393,4902,1529,"rural"
"80",53128,6713,488,6225,7.26947713391926,3117,56057,1360,7587,"urban"
"81",53129,9787,775,9012,7.91866762031266,5939,64622,0,13973,"urban"
"82",53130,6272,484,5788,7.71683673469388,3182,71393,0,7755,"urban"
"83",53132,18485,1152,17333,6.2320800649175,13358,76548,1529,33334,"urban"
"84",53137,898,110,788,12.2494432071269,621,75893,1702,0,"rural"
"85",53139,373,12,361,3.2171581769437,1069,78831,1736,1066,"rural"
"86",53140,1648,58,1590,3.51941747572816,11567,38486,264,29753,"urban"
"87",53142,699,31,668,4.43490701001431,12036,66607,679,31696,"urban"
"88",53144,515,18,497,3.49514563106796,9778,55414,2875,24381,"urban"
"89",53146,5709,374,5335,6.55105973025048,3095,83586,2145,5313,"urban"
"90",53147,12706,1349,11357,10.617031323784,6953,60943,4337,12120,"urban"
"91",53149,7216,314,6902,4.35144124168514,7428,86899,4987,14070,"urban"
"92",53150,19192,1055,18137,5.49708211754898,9411,85744,1825,23025,"urban"
"93",53151,25937,2008,23929,7.74183598719975,13657,76772,0,31987,"urban"
"94",53153,840,54,786,6.42857142857143,912,90250,387,1941,"urban"
"95",53154,17147,926,16221,5.40036157928501,14081,70530,291,34160,"urban"
"96",53156,2365,254,2111,10.7399577167019,1189,57989,2992,0,"rural"
"97",53158,695,30,665,4.31654676258993,6476,76851,911,15006,"urban"
"98",53172,8865,494,8371,5.57247602932882,8628,51484,0,21156,"urban"
"99",53178,1182,79,1103,6.68358714043993,1157,60298,2626,0,"rural"
"100",53181,4405,222,4183,5.03972758229285,2715,65168,941,6416,"urban"
"101",53182,2031,103,1928,5.07139340226489,3321,66572,3077,6335,"urban"
"102",53183,355,21,334,5.91549295774648,1053,99095,177,2638,"urban"
"103",53184,3169,504,2665,15.9040706847586,1663,51377,1229,3042,"urban"
"104",53185,8258,401,7857,4.85589731169775,7053,86729,3473,15078,"urban"
"105",53186,22168,1488,20680,6.71237820281487,13821,57423,0,33592,"urban"
"106",53188,16599,936,15663,5.63889390927164,14444,66359,1347,33848,"urban"
"107",53189,13683,597,13086,4.3630782723087,9728,87062,5309,20919,"urban"
"108",53190,16677,2539,14138,15.2245607723212,6422,43339,4973,14227,"urban"
"109",53191,2308,292,2016,12.6516464471404,1194,63190,241,2601,"urban"
"110",53202,23794,1396,22398,5.86702530049592,15338,52441,0,23386,"urban"
"111",53203,791,83,708,10.4930467762326,865,66161,0,938,"urban"
"112",53204,9726,722,9004,7.42340119267942,13047,28218,0,42355,"urban"
"113",53205,6534,809,5725,12.3813896541169,3435,23125,0,10050,"urban"
"114",53206,17476,2152,15324,12.314030670634,8239,22877,0,28210,"urban"
"115",53207,24810,1848,22962,7.44860943168077,16525,58646,0,35149,"urban"
"116",53208,21984,2382,19602,10.8351528384279,12304,31592,0,31133,"urban"
"117",53209,32465,3999,28466,12.317880794702,18339,33395,0,46917,"urban"
"118",53210,17995,2219,15776,12.3312031119755,9703,34516,0,28126,"urban"
"119",53211,21504,1780,19724,8.27752976190476,14322,60195,0,35406,"urban"
"120",53212,18359,2113,16246,11.5093414674002,13146,33597,0,30416,"urban"
"121",53213,20775,2432,18343,11.7063778580024,11519,73308,0,26020,"urban"
"122",53214,27431,3002,24429,10.9438226823667,15823,44343,0,34725,"urban"
"123",53215,17656,1203,16453,6.81354780244676,19329,35803,0,60953,"urban"
"124",53216,24066,2943,21123,12.228870605834,13196,34977,0,32264,"urban"
"125",53217,22033,1972,20061,8.95021104706576,11668,100262,0,29192,"urban"
"126",53218,27870,3534,24336,12.6803013993541,14029,37692,0,40625,"urban"
"127",53219,23289,2071,21218,8.89261024518013,14963,52468,0,33880,"urban"
"128",53220,18517,1381,17136,7.45801155694767,11557,48523,0,26303,"urban"
"129",53221,25620,1625,23995,6.34270101483216,15883,50645,0,37701,"urban"
"130",53222,19753,2549,17204,12.9043689566142,11372,52811,0,25165,"urban"
"131",53223,22400,2727,19673,12.1741071428571,12623,45973,0,29230,"urban"
"132",53224,14737,2429,12308,16.4823234036778,7743,46766,0,21284,"urban"
"133",53225,18365,2772,15593,15.0939286686632,9706,42665,0,25706,"urban"
"134",53226,15103,1959,13144,12.970932927233,8271,71121,0,18370,"urban"
"135",53227,18754,1847,16907,9.84856563933027,10976,48613,0,23357,"urban"
"136",53228,11819,1030,10789,8.71478128437262,6354,61839,0,14369,"urban"
"137",53233,3235,325,2910,10.0463678516229,4497,14920,0,16453,"urban"
"138",53235,6752,410,6342,6.07227488151659,4537,41719,0,9270,"urban"
"139",53402,8348,398,7950,4.76760900814566,13257,58134,1549,31625,"urban"
"140",53403,2912,140,2772,4.80769230769231,10231,43411,138,27294,"urban"
"141",53405,604,17,587,2.81456953642384,9815,52978,0,25193,"urban"
"142",53406,4529,188,4341,4.15102671671451,11050,64478,789,25056,"urban"
"143",53502,1923,808,1115,42.0176807072283,1003,51701,2421,0,"rural"
"144",53503,1323,308,1015,23.2804232804233,811,55655,1947,0,"rural"
"145",53504,1537,539,998,35.0683148991542,818,51500,2084,0,"rural"
"146",53505,181,56,125,30.939226519337,169,62321,354,0,"rural"
"147",53506,726,140,586,19.2837465564738,437,42396,1125,0,"rural"
"148",53507,1659,528,1131,31.8264014466546,858,81406,2196,0,"rural"
"149",53508,4029,1412,2617,35.0459171010176,2068,82778,5262,0,"rural"
"150",53510,519,59,460,11.3680154142582,591,60302,1482,0,"rural"
"151",53511,36704,5172,31532,14.0911072362685,18895,43055,5154,43775,"urban"
"152",53515,1805,527,1278,29.196675900277,955,67454,999,1269,"urban"
"153",53516,1726,669,1057,38.7601390498262,927,66098,2152,0,"rural"
"154",53517,1327,443,884,33.3835719668425,704,76447,1752,0,"rural"
"155",53518,856,171,685,19.9766355140187,599,47981,1330,0,"rural"
"156",53520,5236,2253,2983,43.0290297937357,2625,57227,3304,3506,"urban"
"157",53521,2786,979,1807,35.1399856424982,1464,85305,2232,1424,"rural"
"158",53522,802,372,430,46.3840399002494,434,55952,1085,0,"rural"
"159",53523,3843,1014,2829,26.3856362217018,2033,78705,2372,2577,"urban"
"160",53525,3022,503,2519,16.6446062210457,1485,65718,4052,0,"rural"
"161",53526,199,54,145,27.1356783919598,253,52589,565,0,"rural"
"162",53527,7798,2189,5609,28.0713003334188,3795,92882,2976,6987,"urban"
"163",53528,4365,1407,2958,32.233676975945,2335,86301,2159,3575,"urban"
"164",53529,1772,462,1310,26.0722347629797,801,80625,2031,0,"rural"
"165",53530,3471,659,2812,18.9858830308269,1820,54375,4566,0,"rural"
"166",53531,3529,1054,2475,29.8668177954095,1679,79421,4338,0,"rural"
"167",53532,10580,3538,7042,33.4404536862004,5490,78401,2811,10795,"urban"
"168",53533,5628,1350,4278,23.9872068230277,2959,62128,2520,4756,"urban"
"169",53534,9424,3293,6131,34.9426994906621,4900,65915,4304,7208,"urban"
"170",53536,6421,2460,3961,38.3117894408971,3449,65262,2834,5669,"urban"
"171",53537,506,208,298,41.1067193675889,292,48917,781,0,"rural"
"172",53538,14482,3579,10903,24.7134373705289,7513,55340,5276,13192,"urban"
"173",53541,477,182,295,38.1551362683438,368,63833,861,0,"rural"
"174",53543,1251,250,1001,19.9840127897682,724,53750,1641,0,"rural"
"175",53544,567,205,362,36.1552028218695,291,67813,800,0,"rural"
"176",53545,17871,6398,11473,35.8010184097141,9796,49359,1905,21212,"urban"
"177",53546,23460,8666,14794,36.9394714407502,12500,62500,2756,27892,"urban"
"178",53548,13802,5086,8716,36.8497319229097,7569,50724,3422,15136,"urban"
"179",53549,7814,1297,6517,16.5984131046839,4079,54603,2501,7913,"urban"
"180",53550,901,385,516,42.7302996670366,414,60000,1239,0,"rural"
"181",53551,6279,880,5399,14.0149705367097,3405,69227,1692,6581,"urban"
"182",53553,118,40,78,33.8983050847458,220,42500,624,0,"rural"
"183",53554,500,83,417,16.6,414,54500,1134,0,"rural"
"184",53555,6520,1469,5051,22.5306748466258,3512,73913,5451,3014,"rural"
"185",53556,1930,275,1655,14.2487046632124,1138,48125,2594,0,"rural"
"186",53557,196,60,136,30.6122448979592,156,47188,482,0,"rural"
"187",53558,8828,2627,6201,29.7575894879928,4638,90333,807,9935,"urban"
"188",53559,4330,1493,2837,34.4803695150116,2229,71498,2229,3834,"urban"
"189",53560,2767,680,2087,24.5753523671847,1496,67357,1771,1687,"rural"
"190",53561,1295,286,1009,22.0849420849421,800,73194,1618,0,"rural"
"191",53562,19330,4806,14524,24.8629073978272,10978,79240,1909,21718,"urban"
"192",53563,8032,3027,5005,37.6867529880478,4314,69955,3962,6766,"urban"
"193",53565,3622,708,2914,19.5472114853672,2058,57798,4765,0,"rural"
"194",53566,11763,5057,6706,42.9907336563802,6492,50778,4334,10883,"urban"
"195",53569,794,147,647,18.5138539042821,488,56500,1155,0,"rural"
"196",53570,2053,891,1162,43.3999025815879,1126,64904,2627,0,"rural"
"197",53571,118,37,81,31.3559322033898,98,98929,280,0,"rural"
"198",53572,7489,2246,5243,29.9906529576712,4089,74087,2973,6997,"urban"
"199",53573,2535,406,2129,16.0157790927022,1291,46250,3062,0,"rural"
"200",53574,2919,1045,1874,35.7999314833847,1499,74181,3877,0,"rural"
"201",53575,12135,3680,8455,30.3255047383601,5907,92274,5859,9635,"urban"
"202",53576,1800,640,1160,35.5555555555556,904,59565,2319,0,"rural"
"203",53577,893,157,736,17.5811870100784,581,62266,1371,0,"rural"
"204",53578,4571,764,3807,16.714066943776,2570,67034,1952,3972,"urban"
"205",53579,1225,273,952,22.2857142857143,714,56250,1760,0,"rural"
"206",53580,130,31,99,23.8461538461538,209,56875,564,0,"rural"
"207",53581,8157,853,7304,10.4572759592988,4438,47500,5678,5021,"rural"
"208",53582,750,213,537,28.4,465,57750,1079,0,"rural"
"209",53583,4486,756,3730,16.8524297815426,2301,70152,1986,3761,"urban"
"210",53585,1587,345,1242,21.7391304347826,883,50365,2215,0,"rural"
"211",53586,1746,265,1481,15.1775486827033,920,53750,2284,0,"rural"
"212",53587,924,339,585,36.6883116883117,502,55313,1290,0,"rural"
"213",53588,3185,503,2682,15.7927786499215,1749,60377,4077,0,"rural"
"214",53589,15600,5159,10441,33.0705128205128,7913,71051,3906,15521,"urban"
"215",53590,27429,9262,18167,33.7671807211346,15350,72317,3573,32721,"urban"
"216",53593,15319,4229,11090,27.6062406162282,8837,99578,4353,14872,"urban"
"217",53594,4043,948,3095,23.447934701954,2123,75306,2085,3059,"urban"
"218",53597,12848,4036,8812,31.4134495641345,6944,98519,3131,13713,"urban"
"219",53598,2032,721,1311,35.4822834645669,1008,74244,468,2043,"urban"
"220",53703,28185,1966,26219,6.97534149370232,15383,36631,0,27958,"urban"
"221",53704,36137,9980,26157,27.6171237236074,20525,55758,249,43785,"urban"
"222",53705,19873,3051,16822,15.3524883007095,11818,65385,0,23494,"urban"
"223",53711,36120,8987,27133,24.8809523809524,20204,74725,2152,43576,"urban"
"224",53713,17391,4809,12582,27.6522339140935,9963,38843,8,22138,"urban"
"225",53714,12998,3860,9138,29.6968764425296,7369,56148,0,16463,"urban"
"226",53715,13234,928,12306,7.01224119691703,5296,30019,0,12136,"urban"
"227",53716,14821,4459,10362,30.0856892247487,8086,67268,0,18419,"urban"
"228",53717,9756,2079,7677,21.309963099631,6174,77609,0,11962,"urban"
"229",53718,9781,3069,6712,31.3771597996115,5742,75225,675,11078,"urban"
"230",53719,23569,5552,18017,23.5563664135093,13849,77514,25,28462,"urban"
"231",53726,5254,304,4950,5.78606775789874,2387,40712,0,5177,"urban"
"232",53801,542,111,431,20.479704797048,378,49643,878,0,"rural"
"233",53803,153,23,130,15.0326797385621,513,49554,1306,0,"rural"
"234",53804,745,124,621,16.6442953020134,526,49107,1372,0,"rural"
"235",53805,4247,1221,3026,28.7497056745938,2106,40714,2008,3261,"urban"
"236",53806,709,67,642,9.44992947813822,734,49688,1831,0,"rural"
"237",53807,1861,126,1735,6.77055346587856,1884,63396,4843,0,"rural"
"238",53809,2981,522,2459,17.5109023817511,1566,56714,4120,0,"rural"
"239",53813,4510,315,4195,6.98447893569845,2335,51250,2387,3688,"urban"
"240",53816,251,80,171,31.8725099601594,271,51250,810,0,"rural"
"241",53818,5571,562,5009,10.0879554837552,5347,46345,3855,11236,"urban"
"242",53820,1019,81,938,7.94896957801766,981,55583,2532,0,"rural"
"243",53821,6646,1833,4813,27.5804995486007,3371,46345,2201,6255,"urban"
"244",53826,896,273,623,30.46875,459,49375,1332,0,"rural"
"245",53827,38,16,22,42.1052631578947,92,68750,292,0,"rural"
"246",53901,11531,2904,8627,25.1842858381754,6070,49606,4299,10146,"urban"
"247",53910,2416,431,1985,17.8394039735099,1422,35324,3508,0,"rural"
"248",53911,1087,381,706,35.050597976081,514,79118,1351,0,"rural"
"249",53913,15948,4072,11876,25.5329821921244,8643,48556,4991,14890,"urban"
"250",53916,17466,5053,12413,28.9304935302874,9246,50706,4674,17833,"urban"
"251",53919,301,16,285,5.3156146179402,1008,66161,2629,0,"rural"
"252",53920,147,49,98,33.3333333333333,185,53438,414,0,"rural"
"253",53922,674,165,509,24.4807121661721,384,66458,1036,0,"rural"
"254",53923,1484,360,1124,24.2587601078167,729,63594,2098,0,"rural"
"255",53924,543,74,469,13.6279926335175,586,52375,1360,0,"rural"
"256",53925,6035,1819,4216,30.1408450704225,3198,66218,2861,4920,"urban"
"257",53926,609,119,490,19.5402298850575,493,53669,1628,0,"rural"
"258",53929,2154,503,1651,23.3519034354689,1058,50272,2782,0,"rural"
"259",53930,887,253,634,28.5231116121759,505,56435,1285,0,"rural"
"260",53932,1852,586,1266,31.6414686825054,978,67222,870,1703,"urban"
"261",53933,2829,502,2327,17.7447861435136,1256,52865,4117,0,"rural"
"262",53934,3847,616,3231,16.0124772550039,1819,36775,4396,0,"rural"
"263",53936,729,163,566,22.3593964334705,586,45152,1610,0,"rural"
"264",53937,112,15,97,13.3928571428571,358,54615,1053,0,"rural"
"265",53941,1900,232,1668,12.2105263157895,1180,57083,2932,0,"rural"
"266",53943,221,45,176,20.3619909502262,392,52500,1065,0,"rural"
"267",53944,1820,330,1490,18.1318681318681,821,47022,2224,0,"rural"
"268",53946,1952,156,1796,7.99180327868853,1786,54735,4386,0,"rural"
"269",53948,6484,896,5588,13.8186304750154,3205,48117,4013,4401,"urban"
"270",53949,4877,897,3980,18.3924543776912,2591,46298,6011,0,"rural"
"271",53950,4490,648,3842,14.4320712694877,1915,52526,5449,0,"rural"
"272",53951,1778,379,1399,21.3160854893138,897,50819,2601,0,"rural"
"273",53952,2794,667,2127,23.8725841088046,1324,49744,4377,0,"rural"
"274",53954,5431,1542,3889,28.3925612226109,2844,66358,6681,245,"rural"
"275",53955,4384,1452,2932,33.1204379562044,2397,73808,5692,0,"rural"
"276",53956,2434,590,1844,24.239934264585,1292,55153,3397,0,"rural"
"277",53959,10400,1341,9059,12.8942307692308,5329,56525,4194,9190,"urban"
"278",53960,2732,811,1921,29.6852122986823,1429,64507,3268,0,"rural"
"279",53961,320,73,247,22.8125,319,63162,837,0,"rural"
"280",53963,6518,508,6010,7.79380177968702,4877,55799,2537,11373,"urban"
"281",53964,2742,558,2184,20.3501094091904,1417,49390,3604,0,"rural"
"282",53965,7871,1840,6031,23.3769533731419,4265,49247,6056,4342,"rural"
"283",53968,1816,391,1425,21.5308370044053,959,48125,2329,0,"rural"
"284",53969,33,23,10,69.6969696969697,114,54375,419,0,"rural"
"285",54101,2015,429,1586,21.2903225806452,1067,66597,2751,0,"rural"
"286",54104,553,52,501,9.40325497287523,569,40842,1051,0,"rural"
"287",54106,3792,626,3166,16.5084388185654,2024,62955,4997,0,"rural"
"288",54107,2035,186,1849,9.14004914004914,1373,57634,3649,78,"rural"
"289",54110,3685,316,3369,8.5753052917232,2051,65916,2370,2968,"urban"
"290",54111,1498,181,1317,12.0827770360481,942,60357,1617,515,"rural"
"291",54112,1696,280,1416,16.5094339622642,1045,51620,2284,0,"rural"
"292",54113,2622,333,2289,12.7002288329519,1378,67863,0,3325,"urban"
"293",54114,4407,439,3968,9.96142500567279,2435,44273,5178,0,"rural"
"294",54115,32777,4934,27843,15.0532385514233,17173,73278,9240,31938,"urban"
"295",54124,2997,757,2240,25.2585919252586,1528,45962,3881,0,"rural"
"296",54126,2785,332,2453,11.9210053859964,1400,69375,3625,0,"rural"
"297",54128,895,84,811,9.3854748603352,639,52321,1778,0,"rural"
"298",54129,2244,296,1948,13.1907308377897,1386,60318,3477,0,"rural"
"299",54130,19468,2147,17321,11.0283542223135,10193,64663,8209,16899,"urban"
"300",54135,969,84,885,8.6687306501548,987,38906,3096,0,"rural"
"301",54136,4754,921,3833,19.3731594446782,2710,48268,0,6406,"urban"
"302",54137,686,148,538,21.5743440233236,472,56324,1115,0,"rural"
"303",54138,588,187,401,31.8027210884354,421,47578,821,0,"rural"
"304",54139,2396,725,1671,30.2587646076795,1245,62702,3096,0,"rural"
"305",54140,6962,853,6109,12.2522263717323,3897,59367,0,8533,"urban"
"306",54141,1890,359,1531,18.994708994709,853,61637,2417,132,"rural"
"307",54143,7529,367,7162,4.87448532341612,6888,43197,4363,10862,"urban"
"308",54149,1025,285,740,27.8048780487805,611,44850,1184,0,"rural"
"309",54153,5811,1294,4517,22.2681122009981,2933,49135,2979,4273,"urban"
"310",54154,4428,1116,3312,25.2032520325203,2374,52972,2927,2621,"rural"
"311",54155,4404,904,3500,20.5267938237965,2629,61910,3836,1615,"rural"
"312",54157,3790,223,3567,5.88390501319261,2353,50462,2546,3440,"urban"
"313",54159,205,18,187,8.78048780487805,619,61146,1434,0,"rural"
"314",54161,2336,434,1902,18.5787671232877,1247,50080,2696,0,"rural"
"315",54162,6528,1526,5002,23.3762254901961,3435,65777,5702,3363,"rural"
"316",54165,5641,1014,4627,17.9755362524375,3066,63929,4039,3500,"rural"
"317",54166,2936,155,2781,5.27929155313352,7336,49943,7068,9934,"urban"
"318",54169,1676,201,1475,11.9928400954654,1052,97969,125,2475,"urban"
"319",54170,2684,572,2112,21.3114754098361,1358,63167,3730,0,"rural"
"320",54171,2682,476,2206,17.7479492915735,1332,86463,3362,0,"rural"
"321",54173,3114,539,2575,17.3089274245344,1649,79795,1737,2358,"urban"
"322",54174,2327,658,1669,28.2767511817791,1294,46818,3013,0,"rural"
"323",54175,722,234,488,32.409972299169,477,54306,1018,0,"rural"
"324",54177,1026,63,963,6.14035087719298,1429,40098,2898,0,"rural"
"325",54180,2144,182,1962,8.48880597014925,1255,75791,337,2524,"urban"
"326",54201,4230,361,3869,8.53427895981087,2199,47152,2275,3070,"urban"
"327",54202,272,11,261,4.04411764705882,695,55256,1240,0,"rural"
"328",54204,992,145,847,14.616935483871,728,66548,1819,0,"rural"
"329",54205,1607,273,1334,16.9881767268202,775,64896,2177,0,"rural"
"330",54208,4741,613,4128,12.9297616536596,2357,71250,6061,0,"rural"
"331",54209,505,30,475,5.94059405940594,610,66538,1195,0,"rural"
"332",54210,132,12,120,9.09090909090909,426,61429,897,0,"rural"
"333",54212,235,10,225,4.25531914893617,491,74583,997,0,"rural"
"334",54213,346,38,308,10.9826589595376,534,56111,1276,0,"rural"
"335",54216,5003,574,4429,11.4731161303218,2718,58333,3654,2622,"rural"
"336",54217,5353,1203,4150,22.473379413413,2793,67873,7405,0,"rural"
"337",54227,711,49,662,6.89170182841069,602,75156,1568,0,"rural"
"338",54229,3200,578,2622,18.0625,1783,74245,3394,912,"rural"
"339",54235,12501,680,11821,5.43956483481321,8064,54777,8586,8617,"urban"
"340",54245,248,11,237,4.43548387096774,884,58750,2259,0,"rural"
"341",54247,362,18,344,4.97237569060773,918,67037,2339,0,"rural"
"342",54301,16810,2769,14041,16.4723378941106,9207,55798,0,22742,"urban"
"343",54302,22860,3053,19807,13.3552055993001,12914,39676,0,30611,"urban"
"344",54303,21191,3586,17605,16.9222783257043,11946,38658,46,26995,"urban"
"345",54304,21899,3647,18252,16.6537284807525,12479,47439,0,28153,"urban"
"346",54311,26509,3850,22659,14.5233694217058,13398,61119,4089,29491,"urban"
"347",54313,27696,4863,22833,17.5584922010399,14440,79744,5416,30481,"urban"
"348",54401,24030,7873,16157,32.7632126508531,13147,47627,5776,24926,"urban"
"349",54403,19194,5883,13311,30.6502031884964,10472,47827,5117,19155,"urban"
"350",54405,2146,679,1467,31.6402609506058,1122,43750,894,2138,"urban"
"351",54406,2266,260,2006,11.4739629302736,1340,65565,3469,0,"rural"
"352",54407,939,117,822,12.4600638977636,604,67292,1515,0,"rural"
"353",54408,797,291,506,36.5119196988708,439,47656,1068,0,"rural"
"354",54409,10131,3709,6422,36.6104037113809,5732,42903,5080,8158,"urban"
"355",54410,1681,454,1227,27.0077334919691,829,61595,2392,0,"rural"
"356",54411,3993,1258,2735,31.5051339844728,1894,57031,5406,0,"rural"
"357",54412,1516,432,1084,28.4960422163588,840,61554,2181,0,"rural"
"358",54414,2586,940,1646,36.3495746326373,1259,52740,3404,0,"rural"
"359",54416,1230,284,946,23.0894308943089,683,36336,1684,0,"rural"
"360",54418,752,309,443,41.0904255319149,396,57000,1080,0,"rural"
"361",54420,795,190,605,23.8993710691824,465,51625,1307,0,"rural"
"362",54421,2340,738,1602,31.5384615384615,1249,52813,1627,1828,"urban"
"363",54422,612,139,473,22.7124183006536,377,48958,1209,0,"rural"
"364",54423,1719,251,1468,14.6015125072717,860,74500,2343,0,"rural"
"365",54424,1389,505,884,36.3570914326854,725,61080,1651,0,"rural"
"366",54425,1468,467,1001,31.8119891008174,785,53884,2036,0,"rural"
"367",54426,3158,1154,2004,36.5421152628246,1612,61302,4479,0,"rural"
"368",54427,844,318,526,37.6777251184834,477,51719,1099,0,"rural"
"369",54428,978,286,692,29.2433537832311,464,41797,1127,0,"rural"
"370",54433,1288,429,859,33.3074534161491,723,45815,1845,0,"rural"
"371",54435,1704,508,1196,29.81220657277,945,53355,2010,0,"rural"
"372",54436,1119,234,885,20.911528150134,775,50433,2203,0,"rural"
"373",54437,2255,435,1820,19.290465631929,1100,51181,3077,0,"rural"
"374",54440,2400,854,1546,35.5833333333333,1212,60323,2964,0,"rural"
"375",54441,600,181,419,30.1666666666667,323,78125,266,562,"urban"
"376",54442,722,240,482,33.2409972299169,417,57083,1177,0,"rural"
"377",54443,1727,352,1375,20.3821656050955,896,58000,2137,0,"rural"
"378",54446,2122,514,1608,24.2224316682375,1134,55667,3123,0,"rural"
"379",54447,96,50,46,52.0833333333333,214,44000,498,0,"rural"
"380",54448,3174,1154,2020,36.3579080025205,1657,70120,4249,0,"rural"
"381",54449,20354,5478,14876,26.9136287707576,11526,54167,7559,18859,"urban"
"382",54450,133,66,67,49.6240601503759,164,39375,436,0,"rural"
"383",54451,9034,3078,5956,34.0712862519371,5084,50389,7709,4046,"rural"
"384",54452,14818,5583,9235,37.6771494128762,8140,56498,9078,10282,"urban"
"385",54454,1066,252,814,23.6397748592871,539,52083,1279,0,"rural"
"386",54455,13337,4639,8698,34.7829346929594,6932,73324,7702,9327,"urban"
"387",54456,4183,508,3675,12.1443939756156,2553,47177,6085,0,"rural"
"388",54457,6646,2160,4486,32.5007523322299,3571,49867,6286,2253,"rural"
"389",54459,869,341,528,39.2405063291139,528,44375,1148,0,"rural"
"390",54460,1968,333,1635,16.9207317073171,983,43080,2746,0,"rural"
"391",54462,129,47,82,36.4341085271318,172,41667,348,0,"rural"
"392",54463,499,118,381,23.6472945891784,259,53438,684,0,"rural"
"393",54465,466,136,330,29.1845493562232,299,37014,536,0,"rural"
"394",54466,2266,626,1640,27.6257722859665,1194,51223,2815,0,"rural"
"395",54467,10614,1380,9234,13.0016958733748,5649,61388,1773,11862,"urban"
"396",54469,1300,401,899,30.8461538461538,681,49602,66,1726,"urban"
"397",54470,1641,579,1062,35.2833638025594,905,48259,2068,0,"rural"
"398",54471,1370,474,896,34.5985401459854,696,70833,1810,44,"rural"
"399",54473,1938,360,1578,18.5758513931889,1106,53688,2700,0,"rural"
"400",54474,2985,1140,1845,38.1909547738693,1678,53883,0,4019,"urban"
"401",54475,1237,378,859,30.5578011317704,682,62614,1482,0,"rural"
"402",54476,14401,4797,9604,33.3101867925838,7553,60633,1419,17161,"urban"
"403",54479,3029,848,2181,27.9960382964675,1468,54787,4119,0,"rural"
"404",54480,912,339,573,37.171052631579,577,49276,1332,0,"rural"
"405",54481,24990,2262,22728,9.0516206482593,11525,47423,1958,27382,"urban"
"406",54482,7018,889,6129,12.6674266172699,3809,65135,3976,4979,"urban"
"407",54484,3722,1114,2608,29.9301450832886,1963,64261,4984,0,"rural"
"408",54485,113,44,69,38.9380530973451,146,38333,322,0,"rural"
"409",54486,1904,278,1626,14.6008403361345,1006,45427,2290,0,"rural"
"410",54487,8135,1031,7104,12.6736324523663,4467,50792,6668,2926,"rural"
"411",54488,610,200,410,32.7868852459016,463,51146,1262,0,"rural"
"412",54489,1155,391,764,33.8528138528139,654,59886,1550,0,"rural"
"413",54490,561,181,380,32.2638146167558,365,53542,893,0,"rural"
"414",54491,1356,440,916,32.4483775811209,756,40875,1652,0,"rural"
"415",54493,205,56,149,27.3170731707317,265,44205,668,0,"rural"
"416",54494,20966,7241,13725,34.5368692168272,11741,54200,6977,20149,"urban"
"417",54495,6079,2217,3862,36.4698141141635,3446,38304,2596,5041,"urban"
"418",54498,1619,305,1314,18.8387893761581,881,47056,2421,0,"rural"
"419",54499,2349,822,1527,34.9936143039591,1209,48750,3223,0,"rural"
"420",54501,15910,2641,13269,16.5996228786926,8224,53750,11009,9010,"rural"
"421",54511,689,110,579,15.9651669085631,554,46310,1216,0,"rural"
"422",54512,681,207,474,30.3964757709251,427,49866,833,0,"rural"
"423",54513,188,61,127,32.4468085106383,200,45227,478,0,"rural"
"424",54514,1530,460,1070,30.0653594771242,841,49965,1717,0,"rural"
"425",54515,310,145,165,46.7741935483871,214,43000,472,0,"rural"
"426",54519,622,118,504,18.9710610932476,627,46719,1231,0,"rural"
"427",54520,3329,442,2887,13.2772604385701,1939,41193,4141,0,"rural"
"428",54521,6441,1033,5408,16.0378823164105,3804,45609,7509,0,"rural"
"429",54524,460,151,309,32.8260869565217,361,47236,670,0,"rural"
"430",54525,31,20,11,64.5161290322581,119,39821,53,226,"urban"
"431",54526,465,105,360,22.5806451612903,355,42431,919,0,"rural"
"432",54527,691,191,500,27.6410998552822,461,35982,1081,0,"rural"
"433",54529,787,181,606,22.9987293519695,479,54554,1133,0,"rural"
"434",54530,543,162,381,29.8342541436464,359,39034,868,0,"rural"
"435",54531,1098,267,831,24.3169398907104,580,60000,1454,0,"rural"
"436",54534,1943,618,1325,31.8064848172928,1150,36250,1178,1281,"urban"
"437",54537,334,119,215,35.6287425149701,213,45375,561,0,"rural"
"438",54538,2137,335,1802,15.6761815629387,1509,28255,3137,0,"rural"
"439",54539,967,304,663,31.4374353671148,564,47917,1383,0,"rural"
"440",54540,727,261,466,35.9009628610729,463,43523,947,0,"rural"
"441",54541,633,96,537,15.1658767772512,481,50644,1552,0,"rural"
"442",54542,195,44,151,22.5641025641026,219,29471,470,0,"rural"
"443",54545,575,187,388,32.5217391304348,481,57639,736,0,"rural"
"444",54547,1127,359,768,31.8544809228039,792,42500,1392,0,"rural"
"445",54548,4122,975,3147,23.6535662299854,2120,55045,4626,0,"rural"
"446",54550,461,145,316,31.4533622559653,274,40962,287,398,"urban"
"447",54552,3440,1155,2285,33.5755813953488,2060,44036,4416,0,"rural"
"448",54554,867,201,666,23.1833910034602,495,43162,1120,0,"rural"
"449",54555,4063,1432,2631,35.244892936254,2309,47064,4872,0,"rural"
"450",54556,926,397,529,42.8725701943845,582,43918,1298,0,"rural"
"451",54557,703,177,526,25.1778093883357,471,57279,925,0,"rural"
"452",54558,1659,452,1207,27.2453285111513,997,39707,2177,0,"rural"
"453",54559,234,31,203,13.2478632478632,344,44318,795,0,"rural"
"454",54560,177,79,98,44.6327683615819,285,61198,589,0,"rural"
"455",54562,1531,388,1143,25.3429131286741,855,52863,1948,0,"rural"
"456",54563,187,58,129,31.0160427807487,311,46023,720,0,"rural"
"457",54564,159,42,117,26.4150943396226,196,52500,387,0,"rural"
"458",54566,848,186,662,21.9339622641509,590,47625,1496,0,"rural"
"459",54568,3921,1041,2880,26.5493496557001,2357,39678,5198,0,"rural"
"460",54601,42394,9053,33341,21.3544369486248,20046,47362,5008,44274,"urban"
"461",54603,11572,3317,8255,28.6640165917732,6352,45678,0,14305,"urban"
"462",54610,894,75,819,8.38926174496644,713,55673,1624,0,"rural"
"463",54612,3599,1282,2317,35.6210058349542,1905,52917,2159,2993,"urban"
"464",54613,1429,288,1141,20.1539538138558,809,42067,1826,0,"rural"
"465",54614,2261,686,1575,30.3405572755418,1116,62241,2947,0,"rural"
"466",54615,7210,866,6344,12.0110957004161,4031,51943,5065,5677,"urban"
"467",54616,2018,635,1383,31.4667988107037,989,49291,2601,0,"rural"
"468",54618,1790,489,1301,27.3184357541899,796,60313,2262,0,"rural"
"469",54619,2600,563,2037,21.6538461538462,1196,56667,3923,0,"rural"
"470",54621,876,264,612,30.1369863013699,517,61250,1147,0,"rural"
"471",54622,1695,299,1396,17.6401179941003,896,55600,2121,0,"rural"
"472",54623,1464,455,1009,31.0792349726776,816,64063,1930,0,"rural"
"473",54624,1147,368,779,32.0836965998256,649,53750,1383,0,"rural"
"474",54626,960,302,658,31.4583333333333,536,50833,1215,0,"rural"
"475",54627,1449,571,878,39.4064872325742,748,59211,1819,0,"rural"
"476",54628,777,247,530,31.7889317889318,426,48281,1092,0,"rural"
"477",54629,2047,373,1674,18.2217879824133,1117,57837,2576,0,"rural"
"478",54630,3230,1088,2142,33.6842105263158,1683,55250,3770,0,"rural"
"479",54631,1412,273,1139,19.3342776203966,706,47885,1844,0,"rural"
"480",54632,769,269,500,34.9804941482445,469,57039,1247,0,"rural"
"481",54634,3127,785,2342,25.1039334825712,1692,49625,4258,0,"rural"
"482",54635,1108,112,996,10.1083032490975,787,55156,1799,0,"rural"
"483",54636,10300,3441,6859,33.4077669902913,5256,78602,3819,9918,"urban"
"484",54638,1058,335,723,31.6635160680529,575,46298,1487,0,"rural"
"485",54639,1688,255,1433,15.10663507109,967,45236,2397,0,"rural"
"486",54642,1576,415,1161,26.3324873096447,817,54875,2125,0,"rural"
"487",54644,973,373,600,38.3350462487153,572,58906,1434,0,"rural"
"488",54646,3010,574,2436,19.0697674418605,1601,45966,3899,0,"rural"
"489",54648,1071,314,757,29.3183940242764,577,49271,1737,0,"rural"
"490",54650,18080,5473,12607,30.271017699115,9827,60664,1906,21471,"urban"
"491",54651,769,195,574,25.3576072821847,532,44706,1382,0,"rural"
"492",54652,516,111,405,21.5116279069767,383,40268,953,0,"rural"
"493",54653,624,256,368,41.025641025641,311,61094,894,0,"rural"
"494",54655,1266,227,1039,17.9304897314376,698,43958,1778,0,"rural"
"495",54656,13285,4706,8579,35.4234098607452,7266,58727,7470,9907,"urban"
"496",54657,53,18,35,33.9622641509434,146,46000,411,0,"rural"
"497",54658,1861,648,1213,34.8199892530897,1087,53594,2268,233,"rural"
"498",54659,903,198,705,21.9269102990033,553,56023,1409,0,"rural"
"499",54660,12135,3778,8357,31.1330861145447,6403,54355,6686,9002,"urban"
"500",54661,2636,833,1803,31.6009104704097,1583,60977,3415,0,"rural"
"501",54664,1127,196,931,17.3913043478261,638,43864,1516,0,"rural"
"502",54665,6426,1397,5029,21.7398070339247,3535,48895,4330,4097,"rural"
"503",54666,2036,540,1496,26.5225933202358,1105,60216,2593,0,"rural"
"504",54667,3571,816,2755,22.8507420890507,1869,53596,4599,0,"rural"
"505",54669,5891,1996,3895,33.8821931760312,3048,73319,2310,5309,"urban"
"506",54670,1267,284,983,22.4151539068666,574,57692,1878,0,"rural"
"507",54701,26890,1995,24895,7.41911491260692,15904,52861,5598,33205,"urban"
"508",54703,33841,2836,31005,8.38036701043113,17515,49699,4134,38138,"urban"
"509",54720,5586,561,5025,10.0429645542428,3133,53270,2,7037,"urban"
"510",54722,2937,533,2404,18.1477698331631,1434,56042,4016,0,"rural"
"511",54724,4664,532,4132,11.4065180102916,3051,54018,3826,3348,"rural"
"512",54726,1132,207,925,18.2862190812721,664,52436,1690,0,"rural"
"513",54727,3912,718,3194,18.3537832310838,1961,54555,4836,79,"rural"
"514",54728,5004,797,4207,15.9272581934452,2582,50726,3439,2700,"rural"
"515",54729,24761,3843,20918,15.5203747829248,13532,57679,7076,24393,"urban"
"516",54730,1669,104,1565,6.23127621330138,1930,66250,4502,401,"rural"
"517",54731,236,76,160,32.2033898305085,247,48750,802,0,"rural"
"518",54732,2346,502,1844,21.3981244671782,1181,44044,2924,0,"rural"
"519",54733,582,85,497,14.6048109965636,493,61953,1340,0,"rural"
"520",54738,2063,209,1854,10.1308773630635,1229,63355,3149,0,"rural"
"521",54739,2906,236,2670,8.12112869924295,1810,69352,4950,0,"rural"
"522",54741,1080,137,943,12.6851851851852,663,40069,1577,0,"rural"
"523",54742,3011,347,2664,11.5244104948522,1740,58611,4459,0,"rural"
"524",54745,1634,396,1238,24.235006119951,836,51500,2261,0,"rural"
"525",54747,2079,742,1337,35.6902356902357,1057,50938,2534,0,"rural"
"526",54748,883,153,730,17.3272933182333,554,37955,1217,0,"rural"
"527",54754,717,85,632,11.8549511854951,799,42337,1552,0,"rural"
"528",54755,3223,204,3019,6.3295066708036,2978,54109,7502,0,"rural"
"529",54757,2084,219,1865,10.5086372360845,1311,53589,3314,0,"rural"
"530",54758,3112,244,2868,7.84061696658098,1862,56535,4626,0,"rural"
"531",54766,968,229,739,23.6570247933884,629,44770,1707,0,"rural"
"532",54768,2528,285,2243,11.2737341772152,1773,43314,2543,3447,"urban"
"533",54770,1274,121,1153,9.49764521193093,828,61974,2101,0,"rural"
"534",54771,2381,250,2131,10.4997900041999,1548,48688,4286,0,"rural"
"535",54773,2594,772,1822,29.7609868928296,1325,49726,3336,0,"rural"
"536",54801,3862,281,3581,7.27602278612118,3016,48306,3820,2673,"rural"
"537",54805,141,17,124,12.0567375886525,544,43871,1471,0,"rural"
"538",54812,3414,370,3044,10.8377270064441,2060,47619,2436,3292,"urban"
"539",54817,1677,388,1289,23.1365533691115,1062,51786,2188,0,"rural"
"540",54819,1995,401,1594,20.1002506265664,1104,41154,2544,0,"rural"
"541",54822,3442,494,2948,14.3521208599651,1866,49951,4379,137,"rural"
"542",54829,4151,375,3776,9.03396771862202,2253,49418,5236,0,"rural"
"543",54835,416,105,311,25.2403846153846,444,45000,1018,0,"rural"
"544",54843,5601,320,5281,5.71326548830566,5166,44311,8871,2616,"rural"
"545",54848,4613,968,3645,20.9841751571645,2618,39930,2692,3449,"urban"
"546",54859,296,21,275,7.09459459459459,815,46349,1896,0,"rural"
"547",54867,67,20,47,29.8507462686567,199,26607,435,0,"rural"
"548",54868,12374,2284,10090,18.4580572167448,6902,48022,6012,9500,"urban"
"549",54870,1204,181,1023,15.0332225913621,711,56827,1486,0,"rural"
"550",54871,1884,192,1692,10.1910828025478,1319,42917,3105,0,"rural"
"551",54875,334,43,291,12.874251497006,515,43173,1055,0,"rural"
"552",54876,560,42,518,7.5,652,44167,1551,0,"rural"
"553",54888,483,51,432,10.5590062111801,599,49922,1345,0,"rural"
"554",54889,300,12,288,4,1106,48333,2742,0,"rural"
"555",54895,497,114,383,22.9376257545272,424,50313,910,0,"rural"
"556",54896,916,188,728,20.5240174672489,749,42171,1478,0,"rural"
"557",54901,9924,779,9145,7.84965739621121,13799,43790,436,37274,"urban"
"558",54902,12708,763,11945,6.00409191060749,10102,47158,1921,20454,"urban"
"559",54904,16398,1095,15303,6.67764361507501,8855,69032,4235,16388,"urban"
"560",54909,1613,132,1481,8.18350898946063,848,52339,2181,0,"rural"
"561",54911,20836,2793,18043,13.4046842004223,10487,49595,0,26674,"urban"
"562",54913,14431,1881,12550,13.0344397477652,7753,79390,6749,10880,"urban"
"563",54914,23666,3336,20330,14.0961717231471,13033,52570,275,30200,"urban"
"564",54915,30816,4594,26222,14.9078400830737,16803,63459,83,41772,"urban"
"565",54921,884,150,734,16.9683257918552,442,47738,1326,0,"rural"
"566",54922,1056,215,841,20.3598484848485,550,65962,1514,0,"rural"
"567",54930,914,120,794,13.1291028446389,652,44405,1786,0,"rural"
"568",54942,6532,888,5644,13.5946111451317,3305,100344,2161,6419,"urban"
"569",54943,1579,239,1340,15.1361621279291,844,43571,1923,0,"rural"
"570",54944,6441,962,5479,14.9355690110231,3271,78875,8159,98,"rural"
"571",54945,1553,110,1443,7.08306503541533,1539,52137,3545,0,"rural"
"572",54947,2223,352,1871,15.8344579397211,1088,81638,2601,0,"rural"
"573",54952,19785,3353,16432,16.947182208744,11072,54537,789,24940,"urban"
"574",54956,32864,5842,27022,17.7762901655307,18181,64553,5163,37533,"urban"
"575",54960,517,28,489,5.41586073500967,1185,48112,2800,0,"rural"
"576",54963,5092,450,4642,8.83739198743126,2670,60577,3559,3358,"rural"
"577",54964,330,28,302,8.48484848484849,374,76667,1022,0,"rural"
"578",54966,1472,179,1293,12.1603260869565,771,53828,2008,0,"rural"
"579",54982,285,10,275,3.50877192982456,2987,48470,4544,2573,"rural"
"580",54986,3801,379,3422,9.97106024730334,2114,62727,1779,2991,"urban"
